{"cameraMode":{"drawMode":0,"name":"Shaded","section":"Shading Mode"},"sceneLighting":true,"audioPlay":true,"sceneViewState":{"showFog":true,"showMaterialUpdate":false,"showSkybox":true,"showFlares":true,"showImageEffects":true,"showParticleSystems":true},"in2DMode":false,"pivot":{"x":0.06849820911884308,"y":1.5891634225845338,"z":-1.0675545930862427},"rotation":{"x":-0.09597201645374298,"y":0.8747950792312622,"z":-0.19361042976379395,"w":-0.4336335062980652},"size":6.226797103881836,"orthographic":false}