{"cameraMode":{"drawMode":0,"name":"Shaded","section":"Shading Mode"},"sceneLighting":true,"audioPlay":false,"sceneViewState":{"showFog":true,"showMaterialUpdate":true,"showSkybox":true,"showFlares":true,"showImageEffects":true,"showParticleSystems":true},"in2DMode":false,"pivot":{"x":6.974862575531006,"y":3.391280174255371,"z":39.68383026123047},"rotation":{"x":0.07652018219232559,"y":0.18818499147891999,"z":-0.014708271250128746,"w":0.9790376424789429},"size":3.7596428394317629,"orthographic":false}