{"cameraMode":{"drawMode":0,"name":"Shaded","section":"Shading Mode"},"sceneLighting":true,"audioPlay":false,"sceneViewState":{"showFog":false,"showMaterialUpdate":false,"showSkybox":false,"showFlares":false,"showImageEffects":false,"showParticleSystems":false},"in2DMode":false,"pivot":{"x":6.0465264320373539,"y":-0.07007011771202088,"z":9.932312965393067},"rotation":{"x":0.059259139001369479,"y":-0.9359335899353027,"z":0.2895181477069855,"w":0.1915694773197174},"size":12.953167915344239,"orthographic":false}