{"cameraMode":{"drawMode":0,"name":"Shaded","section":"Shading Mode"},"sceneLighting":true,"audioPlay":false,"sceneViewState":{"showFog":false,"showMaterialUpdate":false,"showSkybox":false,"showFlares":false,"showImageEffects":false,"showParticleSystems":false},"in2DMode":false,"pivot":{"x":7.150000095367432,"y":1.999415397644043,"z":9.973227500915528},"rotation":{"x":0.04936005547642708,"y":-0.06946086138486862,"z":0.003441102337092161,"w":0.996357798576355},"size":4.041658401489258,"orthographic":false}