{"cameraMode":{"drawMode":0,"name":"Shaded","section":"Shading Mode"},"sceneLighting":true,"audioPlay":false,"sceneViewState":{"showFog":false,"showMaterialUpdate":false,"showSkybox":false,"showFlares":false,"showImageEffects":false,"showParticleSystems":false},"in2DMode":false,"pivot":{"x":12.74450397491455,"y":0.6672602891921997,"z":49.996620178222659},"rotation":{"x":0.04936005547642708,"y":-0.06946086138486862,"z":0.003441102337092161,"w":0.996357798576355},"size":13.907102584838868,"orthographic":false}