{"cameraMode":{"drawMode":0,"name":"Shaded","section":"Shading Mode"},"sceneLighting":false,"audioPlay":false,"sceneViewState":{"showFog":false,"showMaterialUpdate":false,"showSkybox":false,"showFlares":false,"showImageEffects":false,"showParticleSystems":false},"in2DMode":false,"pivot":{"x":0.0021461844444274904,"y":0.8997247219085693,"z":-0.0022138655185699465},"rotation":{"x":0.059259139001369479,"y":-0.9359335899353027,"z":0.2895181477069855,"w":0.1915694773197174},"size":22.113447189331056,"orthographic":false}