{"cameraMode":{"drawMode":0,"name":"Shaded","section":"Shading Mode"},"sceneLighting":true,"audioPlay":false,"sceneViewState":{"showFog":true,"showMaterialUpdate":true,"showSkybox":true,"showFlares":true,"showImageEffects":true,"showParticleSystems":true},"in2DMode":false,"pivot":{"x":6.575379371643066,"y":2.017843723297119,"z":12.939452171325684},"rotation":{"x":-0.11502990871667862,"y":0.7580143213272095,"z":-0.13911792635917664,"w":-0.6267641186714172},"size":11.492351531982422,"orthographic":false}