{"cameraMode":{"drawMode":0,"name":"Shaded","section":"Shading Mode"},"sceneLighting":true,"audioPlay":false,"sceneViewState":{"showFog":true,"showMaterialUpdate":true,"showSkybox":true,"showFlares":true,"showImageEffects":true,"showParticleSystems":true},"in2DMode":false,"pivot":{"x":-10.836185455322266,"y":3.474376678466797,"z":38.356693267822269},"rotation":{"x":-0.11502990871667862,"y":0.7580143213272095,"z":-0.13911792635917664,"w":-0.6267641186714172},"size":54.36719512939453,"orthographic":false}