{"cameraMode":{"drawMode":0,"name":"Shaded","section":"Shading Mode"},"sceneLighting":true,"audioPlay":false,"sceneViewState":{"showFog":false,"showMaterialUpdate":false,"showSkybox":false,"showFlares":false,"showImageEffects":false,"showParticleSystems":false},"in2DMode":false,"pivot":{"x":12.631503105163575,"y":2.562363386154175,"z":50.17082977294922},"rotation":{"x":0.04936005547642708,"y":-0.06946086138486862,"z":0.003441102337092161,"w":0.996357798576355},"size":17.076725006103517,"orthographic":false}