{"cameraMode":{"drawMode":0,"name":"Shaded","section":"Shading Mode"},"sceneLighting":true,"audioPlay":false,"sceneViewState":{"showFog":true,"showMaterialUpdate":true,"showSkybox":true,"showFlares":true,"showImageEffects":true,"showParticleSystems":true},"in2DMode":false,"pivot":{"x":7.233297824859619,"y":4.337328910827637,"z":39.740867614746097},"rotation":{"x":0.07652018219232559,"y":0.18818499147891999,"z":-0.014708271250128746,"w":0.9790376424789429},"size":0.45964324474334719,"orthographic":false}