{"cameraMode":{"drawMode":0,"name":"Shaded","section":"Shading Mode"},"sceneLighting":true,"audioPlay":false,"sceneViewState":{"showFog":false,"showMaterialUpdate":false,"showSkybox":false,"showFlares":false,"showImageEffects":false,"showParticleSystems":false},"in2DMode":false,"pivot":{"x":-3.0806407928466799,"y":5.2774553298950199,"z":-26.039525985717775},"rotation":{"x":0.10820794105529785,"y":0.7370796799659729,"z":-0.12159799039363861,"w":0.655916690826416},"size":5.17976188659668,"orthographic":false}